id,Title,Content
1,"Hello world!","<!-- wp:paragraph -->
<p>Welcome to WordPress. This is your first post. Edit or delete it, then start writing!</p>
<!-- /wp:paragraph -->

<!-- wp:paragraph -->
<p>This my first test post</p>
<!-- /wp:paragraph -->"
2,"My post number two","<!-- wp:paragraph -->
<p>Lorem ipsum dolor sit amet consectetur adipisicing elit. Maxime mollitia, molestiae quas vel sint commodi repudiandae consequuntur voluptatum laborum numquam blanditiis harum quisquam eius sed odit fugiat iusto fuga praesentium optio, eaque rerum! Provident similique accusantium nemo autem. Veritatis obcaecati tenetur iure eius earum ut molestias architecto voluptate aliquam nihil, eveniet aliquid culp<strong>a officia aut! Impedit sit sunt quaerat, odit, tenetur error, harum nesciunt ipsum debitis quas aliqui</strong>d. Reprehenderit, quia. Quo neque error repudiandae fuga? Ipsa laudantium molestias eos sapiente officiis modi at sunt excepturi expedita sint? Sed quibusdam recusandae alias error harum maxime adipisci amet laborum. Perspiciatis minima nesciunt dolorem! Officiis iure rerum voluptates a cumque velit quibusdam sed amet tempora. Sit laborum ab, eius fugit doloribus tenetur fugiat, temporibus enim commodi iusto libero magni deleniti quod quam con<a href=""https:://caisy.io"" data-type=""URL"" data-id=""https:://caisy.io"" target=""_blank"" rel=""noreferrer noopener"">sequuntur! Co</a>mmodi minima excepturi repudiandae velit hic maxime doloremque. Quaerat provident commodi consectetur veniam similique ad earum omnis ipsum saepe, voluptas, hic voluptates pariatur est explicabo fugiat, dolorum eligendi quam cupiditate excepturi mollitia maiores labore suscipit quas? Nulla, placeat. Voluptatem quaerat non architecto ab laudantium modi minima sunt esse temporibus sint culpa, recusandae aliquam numquam totam ratione voluptas quod exercitationem fuga. Possimus quis earum veniam quasi aliquam eligendi, placeat qui corporis!</p>
<!-- /wp:paragraph -->

<!-- wp:paragraph -->
<p></p>
<!-- /wp:paragraph -->

<!-- wp:paragraph -->
<p></p>
<!-- /wp:paragraph -->
"
